Num,Question,Answer
1,What is the recommended daily calorie intake for an average adult?,The recommended daily calorie intake for an average adult is around 2000-2500 calories.
2,What are some good sources of protein for vegetarians?,"Vegetarians can obtain protein from sources such as legumes, nuts, seeds, tofu, tempeh, and dairy products."
3,Is it necessary to take supplements to meet your daily nutritional requirements?,"Generally, it is not necessary to take supplements if you have a balanced and varied diet that includes all the necessary nutrients. However, certain individuals, such as pregnant women or people with specific health conditions, may benefit from taking supplements."
4,"Can a low-carb diet be healthy for long-term weight loss?,A low-carb diet can be effective for weight loss in the short-term, but it is unclear whether it is a sustainable long-term solution for most people. Consult a healthcare professional before making any significant dietary changes."
5,Is it safe to eat raw eggs?,"Raw eggs can contain harmful bacteria such as Salmonella, so it is not recommended to consume them raw. Cooking eggs thoroughly can help eliminate this risk."
6,What are some good sources of omega-3 fatty acids?,"Good sources of omega-3 fatty acids include fatty fish (such as salmon and sardines), flaxseed, chia seeds, walnuts, and soybeans."
7,How much fiber should I consume daily?,The recommended daily intake of fiber is around 25-30 grams for adults. Consuming enough fiber can help promote digestion and lower the risk of certain diseases.
8,Is it possible to eat too much fruit?,"While fruit is generally a healthy food, it is possible to consume too much sugar from fruit, which can negatively impact blood sugar levels. Moderation is key."
9,Can drinking water help with weight loss?,"Drinking water can help you feel full and reduce calorie intake, leading to weight loss. Additionally, water can help boost metabolism and aid digestion."
10,Are all fats bad for you?,"Not all fats are bad for you. Unsaturated fats, found in foods such as nuts, seeds, and fish, can actually be beneficial for heart health."
11,Can eating spicy foods be good for you?,"Eating spicy foods can help boost metabolism and reduce inflammation, which can be beneficial for overall health."
12,What are some good sources of calcium for individuals who are lactose intolerant?,"Good sources of calcium for individuals who are lactose intolerant include fortified plant-based milks, leafy greens such as kale and spinach, and calcium-fortified tofu."
13,Is it necessary to eat breakfast every day?,"While breakfast can help kickstart metabolism and provide energy for the day, it is not necessary to eat breakfast if it does not fit your lifestyle or preferences."
14,Can intermittent fasting be a healthy way to lose weight?,"Intermittent fasting can be a healthy way to lose weight for some individuals, but it is important to consult a healthcare professional and make sure it is done safely and effectively."
15,What are some good sources of iron for vegetarians?,"Good sources of iron for vegetarians include leafy greens such as spinach, lentils, beans, fortified cereals, and quinoa."
16,Is it possible to eat too much protein?,Consuming too much protein can put a strain on the kidneys and may contribute to the development of certain health issues. It is recommended to consume protein in moderation.
17,How much sugar is too much?,"The American Heart Association recommends no more than 6 teaspoons of added sugar per day for women, and 9 teaspoons for men."
18,Are all carbohydrates bad for you?,"No, not all carbohydrates are bad for you. Complex carbohydrates found in whole grains, fruits, and vegetables are an important source of energy and essential nutrients."
19,Can eating a plant-based diet help prevent certain diseases?,"Studies have shown that a plant-based diet can help lower the risk of certain diseases such as heart disease, diabetes, and some types of cancer."
20,Can exercise help reduce anxiety and depression?,"Yes, regular exercise has been shown to reduce symptoms of anxiety and depression and improve overall mental health."
21,Is it safe to consume caffeine during pregnancy?,"While moderate caffeine intake (less than 200 mg per day) is generally considered safe during pregnancy, it is best to consult a healthcare professional for personalized recommendations."
22,What are some good sources of vitamin C?,"Good sources of vitamin C include citrus fruits, strawberries, kiwi, red and green peppers, and broccoli."
23,Can drinking alcohol be part of a healthy lifestyle?,"Drinking alcohol in moderation (up to one drink per day for women and up to two drinks per day for men) may have some health benefits, but excessive drinking can have negative health effects."
24,How can I incorporate more vegetables into my diet?,"Some ways to incorporate more vegetables into your diet include adding them to smoothies, incorporating them into stir-fries, and making salads or veggie-based soups."
25,Is it necessary to take a multivitamin supplement?,"It is generally recommended to obtain essential nutrients from a balanced diet, but certain individuals may benefit from taking a multivitamin supplement. Consult a healthcare professional for personalized recommendations."
26,How can I reduce my risk of heart disease?,"Some ways to reduce your risk of heart disease include exercising regularly, maintaining a healthy weight, eating a balanced and varied diet, and not smoking."
27,Is it possible to be overweight and still be healthy?,"While being overweight can increase the risk of certain health issues, it is possible to be overweight and still be healthy if you are otherwise taking care of your health through exercise and a balanced diet."
28,Can certain foods boost brain function?,"Some foods that have been shown to boost brain function include fatty fish, blueberries, nuts, and dark chocolate."
29,Can certain foods cause acne?,"While the link between diet and acne is not fully understood, some studies suggest that a diet high in refined carbohydrates and sugar may contribute to acne."
30,Is it necessary to consume organic food?,"While organic food may have some potential health benefits and may reduce exposure to pesticides, it is not necessary for overall health. Eating a varied and balanced diet is key."
31,Can consuming probiotics be beneficial for gut health?,"Yes, consuming probiotics can help promote a healthy gut microbiome, which can have positive effects on digestion and overall health."
32,Are there any health benefits to drinking tea?,"Drinking tea, particularly green tea, has been associated with various health benefits such as reduced risk of heart disease and improved brain function."
33,Can eating a lot of red meat be harmful to your health?,: Eating large amounts of red meat has been associated with increased risk of certain health issues such as heart disease and certain cancers.
34,What are some good sources of plant-based protein?,"Good sources of plant-based protein include beans, lentils, nuts, seeds, tofu, and tempeh."
35,Is it possible to get enough vitamin D from food alone?,"While some foods contain vitamin D, it can be difficult to get enough through diet alone. Sunlight exposure and supplements may also be necessary."
36,Can certain foods help improve sleep quality?,"Yes, foods that contain tryptophan such as turkey, nuts, and seeds may help improve sleep quality."
37,Can certain foods boost the immune system?,"Some foods that may boost the immune system include garlic, ginger, turmeric, and citrus fruits."
38,What are some good sources of calcium for those who do not consume dairy?,"Good sources of calcium for those who do not consume dairy include fortified plant milks, tofu, leafy greens, and fortified cereals."
39,Are all fats bad for you?,"No, not all fats are bad for you. Unsaturated fats, found in nuts, seeds, and fatty fish, can have positive health benefits."
40,Can certain foods worsen arthritis symptoms?,Some studies suggest that consuming processed foods and foods high in sugar and refined carbohydrates may worsen arthritis symptoms.
41,How can I reduce my sugar intake?,"Some ways to reduce your sugar intake include choosing whole foods over processed foods, reading food labels, and sweetening foods with natural sweeteners such as honey or fruit."
42,What are some good sources of omega-3 fatty acids?,Good sources of omega-3 fatty acids include fatty fish (such as salmon and sardines), flaxseed, chia seeds, walnuts, and soybeans."